Places365_00000036,Places365_00000038,Places365_00000037
Places365_00000122,Places365_00000121,Places365_00000077
Places365_00000058,Places365_00000057,Places365_00000077
Places365_00000040,Places365_00000039,Places365_00000116
Places365_00000024,Places365_00000026,Places365_00000025
Places365_00000038,Places365_00000037,Places365_00000036
Places365_00000020,Places365_00000018,Places365_00000019
Places365_00000102,Places365_00000101,Places365_00000083
Places365_00000091,Places365_00000089,Places365_00000092
Places365_00000098,Places365_00000097,Places365_00000066
Places365_00000114,Places365_00000116,Places365_00000119
Places365_00000022,Places365_00000021,Places365_00000055
Places365_00000106,Places365_00000108,Places365_00000128
Places365_00000060,Places365_00000062,Places365_00000059
Places365_00000125,Places365_00000123,Places365_00000126
Places365_00000008,Places365_00000007,Places365_00000034
Places365_00000080,Places365_00000079,Places365_00000078
Places365_00000057,Places365_00000058,Places365_00000077
Places365_00000035,Places365_00000037,Places365_00000038
Places365_00000097,Places365_00000098,Places365_00000066
Places365_00000049,Places365_00000050,Places365_00000056
Places365_00000051,Places365_00000054,Places365_00000053
Places365_00000002,Places365_00000004,Places365_00000162
Places365_00000160,Places365_00000158,Places365_00000159
Places365_00000090,Places365_00000092,Places365_00000091
Places365_00000039,Places365_00000040,Places365_00000116
Places365_00000063,Places365_00000064,Places365_00000121
Places365_00000128,Places365_00000127,Places365_00000106
Places365_00000126,Places365_00000125,Places365_00000124
Places365_00000135,Places365_00000136,Places365_00000022
Places365_00000011,Places365_00000012,Places365_00000055
Places365_00000088,Places365_00000087,Places365_00000133
Places365_00000159,Places365_00000157,Places365_00000119
Places365_00000013,Places365_00000015,Places365_00000145
Places365_00000154,Places365_00000153,Places365_00000055
Places365_00000066,Places365_00000068,Places365_00000067
Places365_00000124,Places365_00000126,Places365_00000125
Places365_00000108,Places365_00000106,Places365_00000107
Places365_00000042,Places365_00000041,Places365_00000155
Places365_00000014,Places365_00000016,Places365_00000066
Places365_00000065,Places365_00000067,Places365_00000068
Places365_00000076,Places365_00000075,Places365_00000145
Places365_00000043,Places365_00000044,Places365_00000147
Places365_00000101,Places365_00000102,Places365_00000145
Places365_00000072,Places365_00000071,Places365_00000134
Places365_00000006,Places365_00000005,Places365_00000139
Places365_00000085,Places365_00000086,Places365_00000130
Places365_00000113,Places365_00000115,Places365_00000064
Places365_00000087,Places365_00000088,Places365_00000063
Places365_00000123,Places365_00000125,Places365_00000126
Places365_00000133,Places365_00000134,Places365_00000072
Places365_00000037,Places365_00000038,Places365_00000035
Places365_00000062,Places365_00000061,Places365_00000060
Places365_00000069,Places365_00000070,Places365_00000127
Places365_00000093,Places365_00000094,Places365_00000023
Places365_00000086,Places365_00000085,Places365_00000130
Places365_00000161,Places365_00000162,Places365_00000121
Places365_00000027,Places365_00000028,Places365_00000041
Places365_00000118,Places365_00000117,Places365_00000080
Places365_00000142,Places365_00000141,Places365_00000140
Places365_00000143,Places365_00000144,Places365_00000157
Places365_00000082,Places365_00000081,Places365_00000092
Places365_00000141,Places365_00000142,Places365_00000139
Places365_00000067,Places365_00000068,Places365_00000065
Places365_00000099,Places365_00000100,Places365_00000018
Places365_00000138,Places365_00000137,Places365_00000074
Places365_00000048,Places365_00000047,Places365_00000157
Places365_00000064,Places365_00000063,Places365_00000121
Places365_00000156,Places365_00000155,Places365_00000041
Places365_00000096,Places365_00000095,Places365_00000012
Places365_00000018,Places365_00000020,Places365_00000100
Places365_00000109,Places365_00000111,Places365_00000121
Places365_00000081,Places365_00000082,Places365_00000092
Places365_00000110,Places365_00000112,Places365_00000111
Places365_00000140,Places365_00000142,Places365_00000141
Places365_00000046,Places365_00000045,Places365_00000021
Places365_00000052,Places365_00000053,Places365_00000054
Places365_00000017,Places365_00000019,Places365_00000020
Places365_00000068,Places365_00000067,Places365_00000066
Places365_00000136,Places365_00000135,Places365_00000021
Places365_00000004,Places365_00000002,Places365_00000003
Places365_00000094,Places365_00000093,Places365_00000023
Places365_00000050,Places365_00000049,Places365_00000056
Places365_00000112,Places365_00000110,Places365_00000111
Places365_00000015,Places365_00000013,Places365_00000016
Places365_00000074,Places365_00000073,Places365_00000138
Places365_00000005,Places365_00000006,Places365_00000139
Places365_00000111,Places365_00000109,Places365_00000112
Places365_00000105,Places365_00000107,Places365_00000108
Places365_00000132,Places365_00000131,Places365_00000122
Places365_00000116,Places365_00000114,Places365_00000120
Places365_00000030,Places365_00000029,Places365_00000145
Places365_00000054,Places365_00000051,Places365_00000053
Places365_00000061,Places365_00000062,Places365_00000059
Places365_00000007,Places365_00000008,Places365_00000034
Places365_00000120,Places365_00000119,Places365_00000157
Places365_00000001,Places365_00000003,Places365_00000041
Places365_00000032,Places365_00000031,Places365_00000108
Places365_00000127,Places365_00000128,Places365_00000106
Places365_00000021,Places365_00000022,Places365_00000055
Places365_00000107,Places365_00000108,Places365_00000105
Places365_00000129,Places365_00000130,Places365_00000118
Places365_00000047,Places365_00000048,Places365_00000157
Places365_00000103,Places365_00000104,Places365_00000138
Places365_00000073,Places365_00000074,Places365_00000137
Places365_00000144,Places365_00000143,Places365_00000157
Places365_00000070,Places365_00000069,Places365_00000127
Places365_00000139,Places365_00000141,Places365_00000142
Places365_00000153,Places365_00000154,Places365_00000055
Places365_00000059,Places365_00000061,Places365_00000062
Places365_00000033,Places365_00000034,Places365_00000025
Places365_00000029,Places365_00000030,Places365_00000145
Places365_00000151,Places365_00000152,Places365_00000071
Places365_00000077,Places365_00000078,Places365_00000079
Places365_00000010,Places365_00000009,Places365_00000141
Places365_00000134,Places365_00000133,Places365_00000072
Places365_00000023,Places365_00000025,Places365_00000026
Places365_00000117,Places365_00000118,Places365_00000080
Places365_00000071,Places365_00000072,Places365_00000133
Places365_00000092,Places365_00000091,Places365_00000089
Places365_00000119,Places365_00000120,Places365_00000157
Places365_00000053,Places365_00000054,Places365_00000052
Places365_00000089,Places365_00000091,Places365_00000092
Places365_00000079,Places365_00000080,Places365_00000078
Places365_00000147,Places365_00000149,Places365_00000043
Places365_00000044,Places365_00000043,Places365_00000134
Places365_00000131,Places365_00000132,Places365_00000122
Places365_00000100,Places365_00000099,Places365_00000018
Places365_00000148,Places365_00000127,Places365_00000128
Places365_00000078,Places365_00000077,Places365_00000079
Places365_00000162,Places365_00000161,Places365_00000121
Places365_00000026,Places365_00000025,Places365_00000024
Places365_00000034,Places365_00000033,Places365_00000025
Places365_00000083,Places365_00000084,Places365_00000116
Places365_00000041,Places365_00000042,Places365_00000155
Places365_00000146,Places365_00000145,Places365_00000122
Places365_00000075,Places365_00000076,Places365_00000145
Places365_00000012,Places365_00000011,Places365_00000055
Places365_00000019,Places365_00000017,Places365_00000020
Places365_00000137,Places365_00000138,Places365_00000074
Places365_00000155,Places365_00000156,Places365_00000041
Places365_00000009,Places365_00000010,Places365_00000135
Places365_00000056,Places365_00000055,Places365_00000021
Places365_00000130,Places365_00000129,Places365_00000118
Places365_00000152,Places365_00000151,Places365_00000071
Places365_00000149,Places365_00000147,Places365_00000134
Places365_00000157,Places365_00000159,Places365_00000056
Places365_00000045,Places365_00000046,Places365_00000022
Places365_00000025,Places365_00000026,Places365_00000023
Places365_00000115,Places365_00000113,Places365_00000116
Places365_00000055,Places365_00000056,Places365_00000021
Places365_00000145,Places365_00000146,Places365_00000122
Places365_00000150,Places365_00000148,Places365_00000127
Places365_00000031,Places365_00000032,Places365_00000154
Places365_00000095,Places365_00000096,Places365_00000127
Places365_00000158,Places365_00000160,Places365_00000005
Places365_00000028,Places365_00000027,Places365_00000041
Places365_00000104,Places365_00000103,Places365_00000137
Places365_00000016,Places365_00000014,Places365_00000068
Places365_00000084,Places365_00000083,Places365_00000116
Places365_00000121,Places365_00000122,Places365_00000077
Places365_00000003,Places365_00000001,Places365_00000138
